software,deepseekv3.2_ires,Qwen3-Coder-30B-A3B-Instruct_ires,gpt-5.4-mini_ires,gemini-3.1-flash-lite-preview_ires,Qwen3-32B_ires,deepseekv4-flash_ires
func_name,3.671699999999757,3.5856999999997807,3.3148999999998168,3.48519999999978,3.6545999999997543,3.2878999999997958
func_name,3.671699999999757,3.5856999999997807,3.3148999999998168,3.48519999999978,3.6545999999997543,3.2878999999997958
func_name,3.671699999999757,3.5856999999997807,3.3148999999998168,3.48519999999978,3.6545999999997543,3.2878999999997958
func_name,3.671699999999757,3.5856999999997807,3.3148999999998168,3.48519999999978,3.6545999999997543,3.2878999999997958
func_name,3.671699999999757,3.5856999999997807,3.3148999999998168,3.48519999999978,3.6545999999997543,3.2878999999997958
